,time,text,true,clean_text,prediction,cat
0,97,Plenty of chances in this game but neither team could score the decisive goal,0,plenty chance game neither team could score decisive goal,1,Attempt
1,97,That's it! The referee blows the final whistle,0,referee blow final whistle,1,Attempt
2,97,"Ball possession: Tottenham: 44%, Liverpool: 56%.",0,ball possession tottenham liverpool,10,Hand ball
3,96,James Milner relieves the pressure with a clearance,0,james milner relieve pressure clearance,1,Attempt
4,96,Poor play by Trent Alexander-Arnold as his weak attempt to clear the ball puts his side under pressure,1,poor play trent alexander arnold weak attempt clear ball put side pressure,10,Hand ball
5,96,Oliver Skipp puts in a cross...,0,oliver skipp put cross,1,Attempt
6,95,Liverpool take a throw-in at the left side of the pitch in the opponent's half of the field,0,liverpool take throw leave side pitch opponent half field,1,Attempt
7,95,Liverpool take a throw-in at the left side of the pitch in the opponent's half of the field,0,liverpool take throw leave side pitch opponent half field,1,Attempt
8,95,Konstantinos Tsimikas from Liverpool receives a yellow card for time wasting.,4,konstantinos tsimikas liverpool receives yellow card time waste,4,Yellow card
9,95,"Ball possession: Tottenham: 43%, Liverpool: 57%.",0,ball possession tottenham liverpool,10,Hand ball
10,94,Konstantinos Tsimikas from Liverpool sees his pass blocked by an opponent.,0,konstantinos tsimikas liverpool see pass block opponent,1,Attempt
11,94,Liverpool with a potentially dangerous attack.,1,liverpool potentially dangerous attack,1,Attempt
12,94,Liverpool take a throw-in at the left side of the pitch in the opponent's half of the field,0,liverpool take throw leave side pitch opponent half field,1,Attempt
13,93,Harry Kane from Tottenham is ruled offside.,9,harry kane tottenham rule offside,9,Offside
14,93,Could be a good chance here as Emerson Royal from Tottenham cuts the opponents defense open with a through ball...,10,could good chance emerson royal tottenham cut opponent defense open ball,10,Hand ball
15,93,Tottenham is trying to create something here.,0,tottenham try create something,1,Attempt
16,93,Ben Davies relieves the pressure with a clearance,0,ben davies relieve pressure clearance,1,Attempt
17,93,Konstantinos Tsimikas puts in a cross...,0,konstantinos tsimikas put cross,1,Attempt
18,92,Goal kick for Liverpool.,0,goal kick liverpool,1,Attempt
19,92,Liverpool with a clear defensive substitution as Diogo Jota comes off for the more defensively minded Joseph Gomez,7,liverpool clear defensive substitution diogo jota come defensively minded joseph gomez,1,Attempt
20,92,Diogo Jota is leaving the field to be replaced by Joseph Gomez in a tactical substitution.,7,diogo jota leave field replace joseph gomez tactical substitution,7,Substitution
21,92,"Harry Winks from Tottenham crosses the ball, but it goes out for a goal kick.",0,harry wink tottenham cross ball go goal kick,10,Hand ball
22,91,The fourth official shows there are 6 minute(s) of time to be added.,0,fourth official show minute time add,1,Attempt
23,90,Joel Matip relieves the pressure with a clearance,0,joel matip relieve pressure clearance,1,Attempt
24,90,Emerson Royal puts in a cross...,0,emerson royal put cross,1,Attempt
25,90,Safe hands from Hugo Lloris as he comes out and claims the ball,0,safe hand hugo lloris come claim ball,10,Hand ball
26,90,James Milner puts in a cross...,0,james milner put cross,1,Attempt
27,90,"Ball possession: Tottenham: 42%, Liverpool: 58%.",0,ball possession tottenham liverpool,10,Hand ball
28,89,Liverpool is in control of the ball.,0,liverpool control ball,10,Hand ball
29,89,Tottenham is in control of the ball.,0,tottenham control ball,10,Hand ball
30,88,Liverpool is in control of the ball.,0,liverpool control ball,10,Hand ball
31,88,Tottenham is in control of the ball.,0,tottenham control ball,10,Hand ball
32,87,The referee signals a free kick as Diogo Jota from Liverpool trips Ben Davies,8,referee signal free kick diogo jota liverpool trip ben davy,8,Free kick won
33,87,Liverpool take a throw-in at the left side of the pitch in the opponent's half of the field,0,liverpool take throw leave side pitch opponent half field,1,Attempt
34,87,Goal kick for Liverpool.,0,goal kick liverpool,1,Attempt
35,86,Ryan Sessegnon is leaving the field to be replaced by Sergio Reguilon in a tactical substitution.,7,ryan sessegnon leave field replace sergio reguilon tactical substitution,7,Substitution
36,86,"Heung-Min Son from Tottenham tries to pass the ball to a teammate, but its nowehere near the intended target.",0,heung min son tottenham try pass ball teammate nowehere near intend target,10,Hand ball
37,86,Heung-Min Son from Tottenham takes a short corner kick from the left.,2,heung min son tottenham take short corner kick leave,2,Corner
38,86,Ibrahima Konate clears the danger but is forced to give away a corner...,2,ibrahima konate clear danger force give away corner,2,Corner
39,86,"Ben Davies from Tottenham directs a ball squarely in the box, but it's intercepted by an opponent player.",0,ben davy tottenham directs ball squarely box intercepted opponent player,10,Hand ball
40,86,Could be a good chance here as Heung-Min Son from Tottenham cuts the opponents defense open with a through ball...,0,could good chance heung min son tottenham cut opponent defense open ball,10,Hand ball
41,85,Tottenham take a throw-in at the right side of the pitch in the opponent's half of the field,0,tottenham take throw right side pitch opponent half field,1,Attempt
42,85,The referee runs back to show Ibrahima Konate from Liverpool a yellow card for the previous foul.,4,referee run back show ibrahima konate liverpool yellow card previous foul,4,Yellow card
43,85,"Emerson Royal from Tottenham directs the ball behind the defence, but it's intercepted by an opponent player.",0,emerson royal tottenham direct ball behind defence intercept opponent player,10,Hand ball
44,85,Tottenham is trying to create something here.,0,tottenham try create something,1,Attempt
45,85,"Ball possession: Tottenham: 40%, Liverpool: 60%.",0,ball possession tottenham liverpool,10,Hand ball
46,84,The referee is not having the complaints from Naby Keita who is given a yellow card for dissent,4,referee complaint naby keita give yellow card dissent,4,Yellow card
47,84,Ryan Sessegnon from Tottenham commits a foul by elbowing Naby Keita,3,ryan sessegnon tottenham commits foul elbow naby keita,3,Foul
48,84,"Emerson Royal from Tottenham makes a good pass into the box, but his team mates fail to take advantage of the space",1,emerson royal tottenham make good pas box team mat fail take advantage space,1,Attempt
49,84,Tottenham is trying to create something here.,0,tottenham try create something,1,Attempt
50,83,Danger averted there as James Milner from Liverpool clears the danger with a good tackle,0,danger avert james milner liverpool clear danger good tackle,1,Attempt
51,83,Joel Matip could cost his team a goal after a defensive blunder.,1,joel matip could cost team goal defensive blunder,1,Attempt
52,82,Tottenham take a throw-in at the left side of the pitch in the opponent's half of the field,0,tottenham take throw leave side pitch opponent half field,1,Attempt
53,82,Liverpool with a clear defensive substitution as Sadio Mane comes off for the more defensively minded Konstantinos Tsimikas,7,liverpool clear defensive substitution sadio mane come defensively minded konstantinos tsimikas,7,Substitution
54,82,Sadio Mane is leaving the field to be replaced by Konstantinos Tsimikas in a tactical substitution.,7,sadio mane leave field replace konstantinos tsimikas tactical substitution,7,Substitution
55,81,Liverpool take a throw-in at the right side of the pitch in their own half of the field,0,liverpool take throw right side pitch half field,1,Attempt
56,81,Dele Alli is leaving the field to be replaced by Lucas Moura in a tactical substitution.,7,dele alli leave field replace lucas moura tactical substitution,7,Substitution
57,80,"Ryan Sessegnon from Tottenham makes an aerial pass in the box, but it's intercepted by an opponent player.",0,ryan sessegnon tottenham make aerial pas box intercept opponent player,1,Attempt
58,80,Tottenham with a potentially dangerous attack.,1,tottenham potentially dangerous attack,1,Attempt
59,80,The referee signals a free kick as Sadio Mane from Liverpool trips Harry Kane,8,referee signal free kick sadio mane liverpool trip harry kane,8,Free kick won
60,80,"Ball possession: Tottenham: 38%, Liverpool: 62%.",0,ball possession tottenham liverpool,10,Hand ball
61,80,Liverpool take a throw-in at the right side of the pitch in their own half of the field,1,liverpool take throw right side pitch half field,1,Attempt
62,79,Today's attendance is 45421.,0,today attendance,1,Attempt
63,78,The game is restarted.,0,game restart,1,Attempt
64,77,SENT OFF! - After a serious foul Andrew Robertson is dismissed!,3,sent serious foul andrew robertson dismiss,3,Foul
65,77,"RED CARD! - After reviewing the game, the referee decides to change the originally given yellow card for Andrew Robertson from Liverpool to a red card.",6,red card review game referee decides change originally give yellow card andrew robertson liverpool red card,1,Attempt
66,77,"VAR - CARD ! - The referee has stopped the play. VAR check in progress, a potential card situation.",4,var card referee stop play var check progress potential card situation,1,Attempt
67,76,The card for Andrew Robertson from Liverpool was disallowed via VAR intervention,4,card andrew robertson liverpool disallow via var intervention,1,Attempt
68,76,"The play is stopped. The players are pushing and shouting at each-other, the referee should take action.",4,play stop player push shout referee take action,1,Attempt
69,76,Reckless challenge there. Andrew Robertson commits a rough foul on Emerson Royal,3,reckless challenge andrew robertson commits rough foul emerson royal,3,Foul
70,75,"Ball possession: Tottenham: 36%, Liverpool: 64%.",0,ball possession tottenham liverpool,10,Hand ball
71,74,"With that goal, Tottenham equalised. Game on!",1,goal tottenham equalise game,1,Attempt
72,74,G O O O O O A A L - Heung-Min Son finds the net with the left foot!,1,g l heung min son find net leave foot,1,Attempt
73,74,Alisson Becker could cost his team a goal after a defensive blunder.,0,alisson becker could cost team goal defensive blunder,1,Attempt
74,74,Could be a good chance here as Harry Winks from Tottenham cuts the opponents defense open with a through ball...,0,could good chance harry wink tottenham cut opponent defense open ball,10,Hand ball
75,74,Tottenham is in control of the ball.,0,tottenham control ball,10,Hand ball
76,73,Joel Matip relieves the pressure with a clearance,0,joel matip relieve pressure clearance,1,Attempt
77,73,Poor play by Naby Keita as his weak attempt to clear the ball puts his side under pressure,0,poor play naby keita weak attempt clear ball put side pressure,10,Hand ball
78,73,Ryan Sessegnon puts in a cross...,0,ryan sessegnon put cross,1,Attempt
79,73,The referee signals a free kick as Diogo Jota from Liverpool trips Dele Alli,8,referee signal free kick diogo jota liverpool trip dele alli,8,Free kick won
80,73,Tottenham take a throw-in at the right side of the pitch in their own half of the field,0,tottenham take throw right side pitch half field,1,Attempt
81,72,The game is restarted.,0,game restart,1,Attempt
82,71,Andrew Robertson is down injured and receives medical attention on the field.,0,andrew robertson injured receive medical attention field,1,Attempt
83,71,Play has been stopped because there is a player lying on the pitch.,0,play stop player lie pitch,1,Attempt
84,70,"Ball possession: Tottenham: 34%, Liverpool: 66%.",0,ball possession tottenham liverpool,10,Hand ball
85,69,Trent Alexander-Arnold provided the assist for the goal.,1,trent alexander arnold provide assist goal,1,Attempt
86,69,G O O O O A A A L - Andrew Robertson from Liverpool heads the ball from close range into the net.,1,g l andrew robertson liverpool head ball close range net,10,Hand ball
87,69,Trent Alexander-Arnold from Liverpool directs a ball squarely in the box.,1,trent alexander arnold liverpool directs ball squarely box,10,Hand ball
88,69,Mohamed Salah from Liverpool heads towards goal but sees his effort blocked.,1,mohamed salah liverpool head towards goal see effort block,1,Attempt
89,69,Diogo Jota from Liverpool makes an aerial pass to a team mate.,1,diogo jota liverpool make aerial pas team mate,1,Attempt
90,69,Liverpool with a potentially dangerous attack.,1,liverpool potentially dangerous attack,1,Attempt
91,69,Liverpool is in control of the ball.,0,liverpool control ball,10,Hand ball
92,69,Tottenham is in control of the ball.,0,tottenham control ball,10,Hand ball
93,68,Tottenham take a throw-in at the left side of the pitch in the opponent's half of the field,1,tottenham take throw leave side pitch opponent half field,1,Attempt
94,68,"Harry Kane from Tottenham directs a ball squarely in the box, but it's intercepted by an opponent player.",0,harry kane tottenham direct ball squarely box intercepted opponent player,10,Hand ball
95,68,Tottenham with a potentially dangerous attack.,1,tottenham potentially dangerous attack,1,Attempt
96,67,Tottenham take a throw-in at the left side of the pitch in the opponent's half of the field,0,tottenham take throw leave side pitch opponent half field,1,Attempt
97,66,Tottenham plays a short goal kick.,0,tottenham play short goal kick,1,Attempt
98,66,"Sadio Mane from Liverpool crosses the ball, but it goes out for a goal kick.",0,sadio mane liverpool cross ball go goal kick,10,Hand ball
99,66,Sadio Mane from Liverpool takes the ball forward trying to make something happen...,1,sadio mane liverpool take ball forward try make something happen,10,Hand ball
100,65,Liverpool take a throw-in at the right side of the pitch in the opponent's half of the field,0,liverpool take throw right side pitch opponent half field,1,Attempt
101,65,Tottenham take a throw-in at the left side of the pitch in their own half of the field,0,tottenham take throw leave side pitch half field,1,Attempt
102,65,"Ball possession: Tottenham: 34%, Liverpool: 66%.",0,ball possession tottenham liverpool,10,Hand ball
103,64,Liverpool take a throw-in at the left side of the pitch in the opponent's half of the field,0,liverpool take throw leave side pitch opponent half field,1,Attempt
104,64,Tanguy Ndombele is leaving the field to be replaced by Oliver Skipp in a tactical substitution.,7,tanguy ndombele leave field replace oliver skipp tactical substitution,7,Substitution
105,63,Liverpool is in control of the ball.,0,liverpool control ball,10,Hand ball
106,63,"Harry Kane from Tottenham directs the ball behind the defence, but it's intercepted by an opponent player.",0,harry kane tottenham direct ball behind defence intercept opponent player,10,Hand ball
107,63,Sadio Mane is penalised for pushing Davinson Sanchez.,3,sadio mane penalise push davinson sanchez,1,Attempt
108,63,Tottenham take a throw-in at the right side of the pitch in their own half of the field,0,tottenham take throw right side pitch half field,1,Attempt
109,62,The referee signals a free kick as Dele Alli from Tottenham trips Trent Alexander-Arnold,8,referee signal free kick dele alli tottenham trip trent alexander arnold,8,Free kick won
110,62,Tottenham plays a short goal kick.,0,tottenham play short goal kick,1,Attempt
111,61,A shot by Naby Keita is blocked.,1,shot naby keita block,1,Attempt
112,61,Poor play by Tanguy Ndombele as his weak attempt to clear the ball puts his side under pressure,0,poor play tanguy ndombele weak attempt clear ball put side pressure,10,Hand ball
113,61,Andrew Robertson from Liverpool swings in the corner from the left.,2,andrew robertson liverpool swing corner leave,2,Corner
114,61,Tanguy Ndombele clears the danger but is forced to give away a corner...,2,tanguy ndombele clear danger force give away corner,2,Corner
115,61,Liverpool take a throw-in at the left side of the pitch in the opponent's half of the field,1,liverpool take throw leave side pitch opponent half field,1,Attempt
116,61,A shot by James Milner is blocked.,1,shot james milner block,1,Attempt
117,60,Eric Dier relieves the pressure with a clearance,0,eric dier relieve pressure clearance,1,Attempt
118,60,Andrew Robertson swings in a cross from the free kick.,8,andrew robertson swing cross free kick,8,Free kick won
119,60,Tyler Morton is leaving the field to be replaced by Roberto Firmino in a tactical substitution.,7,tyler morton leave field replace roberto firmino tactical substitution,7,Substitution
120,60,The referee signals a free kick as Tanguy Ndombele from Tottenham trips Sadio Mane,8,referee signal free kick tanguy ndombele tottenham trip sadio mane,8,Free kick won
121,60,"Ball possession: Tottenham: 33%, Liverpool: 67%.",0,ball possession tottenham liverpool,10,Hand ball
122,59,A shot by Mohamed Salah is blocked.,1,shot mohamed salah block,1,Attempt
123,59,Diogo Jota of Liverpool passes the ball to a team mate.,0,diogo jota liverpool pass ball team mate,10,Hand ball
124,59,Liverpool is in control of the ball.,0,liverpool control ball,10,Hand ball
125,58,"After a tactical foul, Ben Davies sees no other way than stopping the counter and receives a yellow card.",4,tactical foul ben davy see way stop counter receives yellow card,4,Yellow card
126,58,Ben Davies from Tottenham goes a bit too far there as the pulls down Mohamed Salah,3,ben davy tottenham go bit far pull mohamed salah,1,Attempt
127,58,Liverpool start a counter attack.,0,liverpool start counter attack,1,Attempt
128,57,Safe hands from Hugo Lloris as he comes out and claims the ball,0,safe hand hugo lloris come claim ball,10,Hand ball
129,57,Sadio Mane puts in a cross...,0,sadio mane put cross,1,Attempt
130,57,Liverpool plays a short goal kick.,1,liverpool play short goal kick,1,Attempt
131,56,"What a miss! Harry Kane has a great opportunity to score, but sends his header wide of goal!",0,miss harry kane great opportunity score send header wide goal,1,Attempt
132,56,Poor play by Sadio Mane as his weak attempt to clear the ball puts his side under pressure,0,poor play sadio mane weak attempt clear ball put side pressure,10,Hand ball
133,56,Heung-Min Son from Tottenham swings in the corner from the left.,2,heung min son tottenham swing corner leave,2,Corner
134,55,Joel Matip clears the danger but is forced to give away a corner...,2,joel matip clear danger force give away corner,2,Corner
135,55,Heung-Min Son puts in a cross...,0,heung min son put cross,1,Attempt
136,55,Tottenham is trying to create something here.,1,tottenham try create something,1,Attempt
137,55,"Harry Kane has a great chance to score, but Alisson Becker comes out strongly to save!",1,harry kane great chance score alisson becker come strongly save,1,Attempt
138,55,Dele Alli from Tottenham directs a ball squarely in the box.,0,dele alli tottenham direct ball squarely box,10,Hand ball
139,55,Tottenham with a potentially dangerous attack.,1,tottenham potentially dangerous attack,1,Attempt
140,55,"Ball possession: Tottenham: 32%, Liverpool: 68%.",0,ball possession tottenham liverpool,10,Hand ball
141,54,"Harry Kane from Tottenham directs the ball behind the defence, but the keeper reads the play well and comes to claim it",0,harry kane tottenham direct ball behind defence keeper read play well come claim,10,Hand ball
142,54,Tottenham start a counter attack.,0,tottenham start counter attack,1,Attempt
143,54,Diogo Jota from Liverpool had a bad first touch and fails to take advantage of the situation.,0,diogo jota liverpool bad first touch fails take advantage situation,1,Attempt
144,54,Joel Matip of Liverpool passes the ball to a team mate.,0,joel matip liverpool pass ball team mate,10,Hand ball
145,54,Great skill from Joel Matip as he dribbles past his opponents,0,great skill joel matip dribble past opponent,1,Attempt
146,54,Tottenham take a throw-in at the right side of the pitch in their own half of the field,0,tottenham take throw right side pitch half field,1,Attempt
147,53,Liverpool is in control of the ball.,0,liverpool control ball,10,Hand ball
148,52,Andrew Robertson relieves the pressure with a clearance,0,andrew robertson relieve pressure clearance,1,Attempt
149,52,Heung-Min Son from Tottenham takes a short corner kick from the right.,2,heung min son tottenham take short corner kick right,2,Corner
150,52,Emerson Royal from Tottenham tries to pick out a team-mate in the area but his cross is blocked by an opponent.,1,emerson royal tottenham try pick team mate area cross block opponent,1,Attempt
151,52,Tottenham is trying to create something here.,1,tottenham try create something,1,Attempt
152,51,Tottenham take a throw-in at the right side of the pitch in the opponent's half of the field,0,tottenham take throw right side pitch opponent half field,1,Attempt
153,51,Tottenham take a throw-in at the right side of the pitch in the opponent's half of the field,0,tottenham take throw right side pitch opponent half field,1,Attempt
154,51,Tottenham take a throw-in at the right side of the pitch in the opponent's half of the field,0,tottenham take throw right side pitch opponent half field,1,Attempt
155,50,Tottenham is in control of the ball.,0,tottenham control ball,10,Hand ball
156,50,Sadio Mane from Liverpool is ruled offside.,9,sadio mane liverpool rule offside,9,Offside
157,50,A shot by Naby Keita is blocked.,1,shot naby keita block,1,Attempt
158,50,"Ball possession: Tottenham: 30%, Liverpool: 70%.",0,ball possession tottenham liverpool,10,Hand ball
159,50,Liverpool take a throw-in at the left side of the pitch in the opponent's half of the field,0,liverpool take throw leave side pitch opponent half field,1,Attempt
160,49,Hugo Lloris relieves the pressure with a clearance,0,hugo lloris relief pressure clearance,1,Attempt
161,49,"Diogo Jota from Liverpool directs the ball behind the defence, but it's intercepted by an opponent player.",0,diogo jota liverpool direct ball behind defence intercept opponent player,10,Hand ball
162,49,A shot by Harry Kane is blocked.,1,shot harry kane block,1,Attempt
163,48,Emerson Royal of Tottenham passes the ball to a team mate.,0,emerson royal tottenham pass ball team mate,10,Hand ball
164,48,Tottenham start a counter attack.,0,tottenham start counter attack,1,Attempt
165,48,Tottenham take a throw-in at the left side of the pitch in their own half of the field,0,tottenham take throw leave side pitch half field,1,Attempt
166,48,Tottenham plays a short goal kick.,0,tottenham play short goal kick,1,Attempt
167,48,Diogo Jota directs a header agonizingly wide of the post. So nearly a goal!,1,diogo jota direct header agonizingly wide post nearly goal,1,Attempt
168,48,Trent Alexander-Arnold puts in a cross...,0,trent alexander arnold put cross,1,Attempt
169,47,"After a tactical foul, Harry Winks sees no other way than stopping the counter and receives a yellow card.",4,tactical foul harry wink see way stop counter receives yellow card,4,Yellow card
170,47,Harry Winks from Tottenham goes a bit too far there as the pulls down Diogo Jota,3,harry wink tottenham go bit far pull diogo jota,1,Attempt
171,47,Ryan Sessegnon hand-balls.,10,ryan sessegnon hand ball,10,Hand ball
172,46,The referee signals a free kick as Diogo Jota from Liverpool trips Tanguy Ndombele,8,referee signal free kick diogo jota liverpool trip tanguy ndombele,8,Free kick won
173,46,The second half is underway.,0,second half underway,1,Attempt
174,49,It's over! The referee blows for half time,0,referee blow half time,1,Attempt
175,49,"Ball possession: Tottenham: 30%, Liverpool: 70%.",0,ball possession tottenham liverpool,10,Hand ball
176,49,How did he miss that? Harry Kane has a wonderful chance to score but somehow manages to miss the target!,0,miss harry kane wonderful chance score somehow manage miss target,1,Attempt
177,49,Ryan Sessegnon of Tottenham passes the ball to a team mate.,0,ryan sessegnon tottenham pass ball team mate,10,Hand ball
178,49,Tottenham with a potentially dangerous attack.,1,tottenham potentially dangerous attack,1,Attempt
179,48,The referee signals a free kick as Ibrahima Konate from Liverpool trips Heung-Min Son,8,referee signal free kick ibrahima konate liverpool trip heung min son,8,Free kick won
180,48,"James Milner from Liverpool passes the ball in the box, but it's intercepted by an opponent player.",0,james milner liverpool pass ball box intercept opponent player,10,Hand ball
181,48,Naby Keita of Liverpool passes the ball to a team mate.,0,naby keita liverpool pass ball team mate,10,Hand ball
182,48,Liverpool is trying to create something here.,0,liverpool try create something,1,Attempt
183,48,Heung-Min Son from Tottenham had a bad first touch and fails to take advantage of the situation.,1,heung min son tottenham bad first touch fails take advantage situation,1,Attempt
184,48,Could be a good chance here as Harry Winks from Tottenham cuts the opponents defense open with a through ball...,0,could good chance harry wink tottenham cut opponent defense open ball,10,Hand ball
185,47,Liverpool take a throw-in at the right side of the pitch in the opponent's half of the field,0,liverpool take throw right side pitch opponent half field,1,Attempt
186,46,Goal kick for Tottenham.,0,goal kick tottenham,1,Attempt
187,46,The fourth official shows there are 3 minute(s) of time to be added.,0,fourth official show minute time add,1,Attempt
188,45,Trent Alexander-Arnold from Liverpool crosses the ball but it is nowhere near the intended target.,0,trent alexander arnold liverpool cross ball nowhere near intend target,10,Hand ball
189,45,"Ball possession: Tottenham: 31%, Liverpool: 69%.",0,ball possession tottenham liverpool,10,Hand ball
190,45,Goal kick for Tottenham.,0,goal kick tottenham,1,Attempt
191,44,A chance presents itself to Diogo Jota from Liverpool but his header goes wide,1,chance present diogo jota liverpool header go wide,1,Attempt
192,44,Trent Alexander-Arnold swings in a cross from the free kick.,8,trent alexander arnold swing cross free kick,8,Free kick won
193,43,Dangerous challenge by Dele Alli from Tottenham. Trent Alexander-Arnold on the receiving end of that.,4,dangerous challenge dele alli tottenham trent alexander arnold receive end,1,Attempt
194,43,Liverpool take a throw-in at the right side of the pitch in the opponent's half of the field,0,liverpool take throw right side pitch opponent half field,1,Attempt
195,43,Liverpool are piling the pressure on and look like scoring anytime,0,liverpool pile pressure look like score anytime,1,Attempt
196,43,"Trent Alexander-Arnold releases a shot, it's parried by Hugo Lloris but he can't hold onto it...",1,trent alexander arnold release shot parried hugo lloris hold onto,1,Attempt
197,43,Sadio Mane puts in a cross...,0,sadio mane put cross,1,Attempt
198,42,"Trent Alexander-Arnold from Liverpool makes an aerial pass in the box, but it's intercepted by an opponent player.",0,trent alexander arnold liverpool make aerial pas box intercept opponent player,1,Attempt
199,42,"Diogo Jota from Liverpool makes a good pass into the box, but his team mates fail to take advantage of the space",0,diogo jota liverpool make good pas box team mat fail take advantage space,1,Attempt
200,42,Could be a good chance here as Ibrahima Konate from Liverpool cuts the opponents defense open with a through ball...,0,could good chance ibrahima konate liverpool cut opponent defense open ball,10,Hand ball
201,42,Ben Davies relieves the pressure with a clearance,0,ben davies relieve pressure clearance,1,Attempt
202,42,Trent Alexander-Arnold puts in a cross...,0,trent alexander arnold put cross,1,Attempt
203,42,Trent Alexander-Arnold from Liverpool takes a short corner kick from the right.,2,trent alexander arnold liverpool take short corner kick right,2,Corner
204,42,Sadio Mane from Liverpool sees his pass blocked by an opponent.,0,sadio mane liverpool see pass block opponent,1,Attempt
205,41,Liverpool take a throw-in at the left side of the pitch in the opponent's half of the field,0,liverpool take throw leave side pitch opponent half field,1,Attempt
206,41,Andrew Robertson from Liverpool tries to pick out a team-mate in the area but his cross is blocked by an opponent.,0,andrew robertson liverpool try pick team mate area cross block opponent,1,Attempt
207,41,"Sadio Mane from Liverpool passes the ball in the box, but it's intercepted by an opponent player.",0,sadio mane liverpool pass ball box intercept opponent player,10,Hand ball
208,41,Andrew Robertson of Liverpool passes the ball to a team mate.,0,andrew robertson liverpool pass ball team mate,10,Hand ball
209,41,A shot by Mohamed Salah is blocked.,1,shot mohamed salah block,1,Attempt
210,41,Liverpool with a potentially dangerous attack.,1,liverpool potentially dangerous attack,1,Attempt
211,41,The referee signals a free kick as Naby Keita from Liverpool trips Ben Davies,8,referee signal free kick naby keita liverpool trip ben davy,8,Free kick won
212,40,Tottenham plays a short goal kick.,0,tottenham play short goal kick,1,Attempt
213,40,"Andrew Robertson from Liverpool tries to pass the ball to a teammate, but its nowehere near the intended target.",0,andrew robertson liverpool try pass ball teammate nowehere near intend target,10,Hand ball
214,40,Ben Davies relieves the pressure with a clearance,0,ben davies relieve pressure clearance,1,Attempt
215,40,Andrew Robertson puts in a cross...,0,andrew robertson put cross,1,Attempt
216,40,"Ball possession: Tottenham: 32%, Liverpool: 68%.",0,ball possession tottenham liverpool,10,Hand ball
217,39,The referee is not having the complaints from Juergen Klopp who is given a yellow card for dissent,4,referee complaint juergen klopp give yellow card dissent,4,Yellow card
218,39,Emerson Royal is penalised for pushing Sadio Mane.,3,emerson royal penalise push sadio mane,1,Attempt
219,38,Liverpool take a throw-in at the right side of the pitch in their own half of the field,0,liverpool take throw right side pitch half field,1,Attempt
220,38,Joel Matip relieves the pressure with a clearance,0,joel matip relieve pressure clearance,1,Attempt
221,38,A header from Davinson Sanchez is blocked by the keeper and bounces back into play!,0,header davinson sanchez block keeper bounce back play,1,Attempt
222,38,Heung-Min Son from Tottenham swings in the corner from the left.,2,heung min son tottenham swing corner leave,2,Corner
223,37,Ryan Sessegnon from Tottenham tries to pick out a team-mate in the area but his cross is blocked by an opponent.,0,ryan sessegnon tottenham try pick team mate area cross block opponent,1,Attempt
224,37,Alisson Becker could cost his team a goal after a defensive blunder.,0,alisson becker could cost team goal defensive blunder,1,Attempt
225,37,Diogo Jota from Liverpool had a bad first touch and fails to take advantage of the situation.,0,diogo jota liverpool bad first touch fails take advantage situation,1,Attempt
226,37,Sadio Mane from Liverpool makes a great pass and space opens up...,0,sadio mane liverpool make great pass space open,1,Attempt
227,37,Liverpool is trying to create something here.,0,liverpool try create something,1,Attempt
228,36,Tottenham is in control of the ball.,0,tottenham control ball,10,Hand ball
229,35,"With that goal, Liverpool equalised. Game on!",1,goal liverpool equalise game,1,Attempt
230,35,Andrew Robertson provided the assist for the goal.,1,andrew robertson provide assist goal,1,Attempt
231,35,G O O O A A A L - Diogo Jota from Liverpool heads the ball home!,1,g l diogo jota liverpool head ball home,10,Hand ball
232,35,Andrew Robertson from Liverpool makes an aerial pass to a team mate.,0,andrew robertson liverpool make aerial pas team mate,1,Attempt
233,35,"Sadio Mane from Liverpool passes the ball in the box, but it's intercepted by an opponent player.",0,sadio mane liverpool pass ball box intercept opponent player,10,Hand ball
234,35,Liverpool with a potentially dangerous attack.,0,liverpool potentially dangerous attack,1,Attempt
235,35,"Ball possession: Tottenham: 30%, Liverpool: 70%.",0,ball possession tottenham liverpool,10,Hand ball
236,34,Dele Alli is penalised for pushing Naby Keita.,3,dele alli penalise push naby keita,1,Attempt
237,34,Safe hands from Alisson Becker as he comes out and claims the ball,10,safe hand alisson becker come claim ball,10,Hand ball
238,34,Harry Kane puts in a cross...,0,harry kane put cross,1,Attempt
239,34,Dele Alli from Tottenham takes the ball forward trying to make something happen...,0,dele alli tottenham take ball forward try make something happen,10,Hand ball
240,34,Tottenham start a counter attack.,1,tottenham start counter attack,1,Attempt
241,33,"Andrew Robertson from Liverpool directs the ball behind the defence, but the keeper reads the play well and comes to claim it",0,andrew robertson liverpool direct ball behind defence keeper read play well come claim,10,Hand ball
242,32,"Andrew Robertson from Liverpool makes an aerial pass in the box, but it's intercepted by an opponent player.",0,andrew robertson liverpool make aerial pas box intercept opponent player,1,Attempt
243,32,Liverpool is trying to create something here.,1,liverpool try create something,1,Attempt
244,31,Safe hands from Alisson Becker as he comes out and claims the ball,10,safe hand alisson becker come claim ball,10,Hand ball
245,31,Dele Alli puts in a cross...,0,dele alli put cross,1,Attempt
246,31,Tottenham take a throw-in at the right side of the pitch in the opponent's half of the field,0,tottenham take throw right side pitch opponent half field,1,Attempt
247,30,Andrew Robertson relieves the pressure with a clearance,0,andrew robertson relieve pressure clearance,1,Attempt
248,30,Heung-Min Son from Tottenham swings in the corner from the right.,2,heung min son tottenham swing corner right,2,Corner
249,30,"Ball possession: Tottenham: 31%, Liverpool: 69%.",0,ball possession tottenham liverpool,10,Hand ball
250,30,"Should have been a goal! Dele Alli gets a great chance to score, but his effort is turned behind by Alisson Becker!",0,goal dele alli get great chance score effort turn behind alisson becker,1,Attempt
251,30,Heung-Min Son carves the opponent's defense open with a killer through-ball,0,heung min son carve opponent defense open killer ball,10,Hand ball
252,29,Tottenham start a counter attack.,0,tottenham start counter attack,1,Attempt
253,29,Tottenham plays a short goal kick.,0,tottenham play short goal kick,1,Attempt
254,29,A chance presents itself to Sadio Mane from Liverpool but his header goes wide,1,chance present sadio mane liverpool header go wide,1,Attempt
255,29,Andrew Robertson puts in a cross...,0,andrew robertson put cross,1,Attempt
256,28,Yellow card for Emerson Royal.,4,yellow card emerson royal,4,Yellow card
257,28,The referee signals a free kick as Emerson Royal from Tottenham trips Sadio Mane,8,referee signal free kick emerson royal tottenham trip sadio mane,8,Free kick won
258,27,A shot by James Milner is blocked.,1,shot james milner block,1,Attempt
259,27,Dele Alli relieves the pressure with a clearance,0,dele alli relieve pressure clearance,1,Attempt
260,27,Trent Alexander-Arnold swings in a cross from the free kick.,8,trent alexander arnold swing cross free kick,8,Free kick won
261,27,Dele Alli is penalised for pushing James Milner.,3,dele alli penalise push james milner,1,Attempt
262,26,Liverpool take a throw-in at the right side of the pitch in their own half of the field,0,liverpool take throw right side pitch half field,1,Attempt
263,25,Goal kick for Tottenham.,0,goal kick tottenham,1,Attempt
264,25,"Ball possession: Tottenham: 33%, Liverpool: 67%.",0,ball possession tottenham liverpool,10,Hand ball
265,24,A chance presents itself to Joel Matip from Liverpool but his header goes wide,1,chance present joel matip liverpool header go wide,1,Attempt
266,24,James Milner puts in a cross...,0,james milner put cross,1,Attempt
267,24,Dele Alli relieves the pressure with a clearance,0,dele alli relieve pressure clearance,1,Attempt
268,24,Trent Alexander-Arnold puts in a cross...,0,trent alexander arnold put cross,1,Attempt
269,24,Dele Alli relieves the pressure with a clearance,0,dele alli relieve pressure clearance,1,Attempt
270,24,Trent Alexander-Arnold from Liverpool swings in the corner from the right.,2,trent alexander arnold liverpool swing corner right,2,Corner
271,24,Naby Keita forces a good save from Hugo Lloris who turns the ball behind for a corner!,10,naby keita force good save hugo lloris turn ball behind corner,10,Hand ball
272,24,A shot by Sadio Mane is blocked.,1,shot sadio mane block,1,Attempt
273,23,Emerson Royal could cost his team a goal after a defensive blunder.,0,emerson royal could cost team goal defensive blunder,1,Attempt
274,23,"After a tactical foul, Tyler Morton sees no other way than stopping the counter and receives a yellow card.",4,tactical foul tyler morton see way stop counter receives yellow card,4,Yellow card
275,23,The referee signals a free kick as Tyler Morton from Liverpool trips Harry Winks,8,referee signal free kick tyler morton liverpool trip harry wink,8,Free kick won
276,23,Tottenham start a counter attack.,0,tottenham start counter attack,1,Attempt
277,23,"Mohamed Salah from Liverpool makes an aerial pass in the box, but it's intercepted by an opponent player.",0,mohamed salah liverpool make aerial pas box intercept opponent player,1,Attempt
278,23,Liverpool with a potentially dangerous attack.,1,liverpool potentially dangerous attack,1,Attempt
279,22,Tottenham take a throw-in at the left side of the pitch in their own half of the field,0,tottenham take throw leave side pitch half field,1,Attempt
280,21,Tottenham take a throw-in at the left side of the pitch in their own half of the field,0,tottenham take throw leave side pitch half field,1,Attempt
281,21,Liverpool is in control of the ball.,0,liverpool control ball,10,Hand ball
282,20,"Ball possession: Tottenham: 34%, Liverpool: 66%.",0,ball possession tottenham liverpool,10,Hand ball
283,20,Harry Kane commits a rough foul on an opponent and goes into the referee's book.,3,harry kane commits rough foul opponent go referee book,3,Foul
284,19,Dangerous challenge by Harry Kane from Tottenham. Andrew Robertson on the receiving end of that.,4,dangerous challenge harry kane tottenham andrew robertson receive end,1,Attempt
285,19,What a game! We are witnessing intense and high quality play from both sides.,0,game witness intense high quality play side,1,Attempt
286,19,"Mohamed Salah from Liverpool makes an aerial pass in the box, but the keeper comes out and claims it.",0,mohamed salah liverpool make aerial pas box keeper come claim,1,Attempt
287,19,Liverpool with a potentially dangerous attack.,1,liverpool potentially dangerous attack,1,Attempt
288,19,Safe hands from Hugo Lloris as he comes out and claims the ball,10,safe hand hugo lloris come claim ball,10,Hand ball
289,19,Sadio Mane from Liverpool had a bad first touch and fails to take advantage of the situation.,0,sadio mane liverpool bad first touch fails take advantage situation,1,Attempt
290,19,Trent Alexander-Arnold puts in a cross...,0,trent alexander arnold put cross,1,Attempt
291,18,Safe hands from Alisson Becker as he comes out and claims the ball,10,safe hand alisson becker come claim ball,10,Hand ball
292,18,Heung-Min Son from Tottenham had a bad first touch and fails to take advantage of the situation.,0,heung min son tottenham bad first touch fails take advantage situation,1,Attempt
293,18,CHANCE! Heung-Min Son finds himself in a 1 on 1 situation with the keeper...,1,chance heung min son find situation keeper,1,Attempt
294,18,Could be a good chance here as Harry Kane from Tottenham cuts the opponents defense open with a through ball...,0,could good chance harry kane tottenham cut opponent defense open ball,10,Hand ball
295,18,Tottenham start a counter attack.,0,tottenham start counter attack,1,Attempt
296,17,Great defending by Davinson Sanchez from Tottenham to prevent his team conceding a goal.,0,great defend davinson sanchez tottenham prevent team concede goal,1,Attempt
297,17,Danger averted there as Davinson Sanchez from Tottenham clears the danger with a good tackle,0,danger avert davinson sanchez tottenham clear danger good tackle,1,Attempt
298,17,Trent Alexander-Arnold puts in a cross...,0,trent alexander arnold put cross,1,Attempt
